subject,sender,to,cc,body_title_top,body_link1_title,body_post_classification,body_title,body_date,body_description,body_link2_title,body_link3_title,body_full,file_name
15,15,15,0,15,15,15,15,15,15,15,15,15,15
15,15,15,0,15,15,15,15,15,15,15,15,15,15
120,120,120,0,120,120,120,120,120,120,120,120,120,120
15,15,15,0,15,15,15,15,15,15,15,15,15,15
53,53,53,0,53,53,53,53,53,53,53,53,53,53
28,28,28,0,28,28,28,28,28,28,28,28,28,28
43,43,43,0,43,43,43,43,43,43,43,43,43,43
33,33,33,0,33,33,33,33,33,33,33,33,33,33
66,66,66,0,66,66,66,66,66,66,66,66,66,66
22,22,22,0,22,22,22,22,22,22,22,22,22,22
22,22,22,0,22,22,22,22,22,22,22,22,22,22
11,11,11,0,11,11,11,11,11,11,11,11,11,11
6,6,6,0,6,6,6,6,6,6,6,6,6,6
15,15,15,0,15,15,15,15,15,15,15,15,15,15
0,0,0,0,0,0,0,0,0,0,0,0,0,0
15,15,15,0,15,15,15,15,15,15,15,15,15,15
15,15,15,0,15,15,15,15,15,15,15,15,15,15
